Player,From,To,Pos,Ht,Wt,Birth Date,Colleges,Player-additional
Hamady N'Diaye,2011,2014,C,7-0,235,January 12 1987,Rutgers University,ndiayha01
Makhtar N'Diaye,1999,1999,F,6-8,245,December 12 1973,Michigan UNC,ndiayma01
Mamadou N'Diaye,2001,2005,C,7-0,255,June 16 1975,Auburn,ndiayma02
Boniface N'Dong,2006,2006,C,7-0,198,March 9 1977,,ndongbo01
Bob Naber,1953,1953,F,6-3,185,September 3 1929,Louisville,naberbo01
Boris Nachamkin,1955,1955,F,6-6,210,December 6 1933,NYU,nachabo01
Boštjan Nachbar,2003,2008,F,6-9,221,July 3 1980,,nachbbo01
Abdel Nader,2018,2022,F,6-5,225,September 25 1993,Northern Illinois Iowa State,naderab01
Jerry Nagel,1950,1950,G,6-0,190,May 18 1928,Loyola Chicago,nagelje01
Fritz Nagy,1949,1949,G-F,6-2,185,January 3 1924,University of Akron,nagyfr01
Lee Nailon,2001,2006,F,6-9,238,February 22 1975,Butler County Community College TCU,nailole01
Eduardo Nájera,2001,2012,F,6-8,240,July 11 1976,Oklahoma,najered01
Larry Nance,1982,1994,F-C,6-10,205,February 12 1959,Clemson,nancela01
Larry Nance Jr.,2016,2025,F-C,6-8,245,January 1 1993,Wyoming,nancela02
Pete Nance,2024,2025,F,6-11,230,February 19 2000,Northwestern UNC,nancepe01
Shabazz Napier,2015,2020,G,6-0,175,July 14 1991,UConn,napiesh01
Paul Napolitano,1949,1949,F-G,6-2,185,February 3 1923,San Francisco,napolpa01
Bob Nash,1973,1979,F,6-8,195,August 24 1950,San Jacinto College Hawaii,nashbo01
Cotton Nash,1965,1968,F,6-5,215,July 24 1942,Kentucky,nashco01
Steve Nash*,1997,2014,G,6-3,195,February 7 1974,Santa Clara,nashst01
Swen Nater,1974,1984,C,6-11,240,January 14 1950,Cypress College UCLA,natersw01
Howard Nathan,1996,1996,G,5-11,175,January 21 1972,DePaul Louisiana-Monroe,nathaho01
Calvin Natt,1980,1990,F,6-6,220,January 8 1957,Louisiana-Monroe,nattca01
Kenny Natt,1981,1985,G,6-3,185,October 5 1958,Louisiana-Monroe,nattke01
Willie Naulls,1957,1966,F-C,6-6,225,October 7 1934,UCLA,naullwi01
Juan Carlos Navarro,2008,2008,G,6-3,170,June 13 1980,,navarju01
Maurice Ndour,2017,2017,F,6-9,200,June 18 1992,Ohio University,ndourma01
Craig Neal,1989,1991,G,6-5,165,February 16 1964,Georgia Tech,nealcr01
Gary Neal,2011,2017,G,6-4,210,October 3 1984,La Salle Towson University,nealga01
Jim Neal,1954,1955,C,6-11,235,May 21 1930,Wofford College,nealji01
Lloyd Neal,1973,1979,C-F,6-7,225,December 10 1950,Tennessee State,nealll01
Ed Nealy,1983,1993,F,6-7,238,February 19 1960,Kansas State,nealyed01
Nemanja Nedović,2014,2014,G,6-3,192,June 16 1991,,nedovne01
Al Negratti,1947,1947,F-C,6-3,200,June 12 1921,Seton Hall,negraal01
Barry Nelson,1972,1972,C,6-10,230,September 19 1949,Duquesne,nelsoba01
DeMarcus Nelson,2009,2009,G,6-4,200,November 2 1985,Duke,nelsode01
Don Nelson*,1963,1976,F,6-6,210,May 15 1940,Iowa,nelsodo01
Jameer Nelson,2005,2018,G,6-0,190,February 9 1982,Saint Joseph's,nelsoja01
Louie Nelson,1974,1978,G,6-3,190,May 28 1951,Washington,nelsolo01
Ron Nelson,1971,1971,G,6-2,175,October 7 1946,New Mexico,nelsoro01
Andrew Nembhard,2023,2025,G,6-5,193,January 16 2000,Florida Gonzaga,nembhan01
RJ Nembhard Jr.,2022,2022,G,6-5,200,March 22 1999,TCU,nembhrj01
Ruben Nembhard,1997,1997,G,6-3,208,February 20 1972,Weber State,nembhru01
Dick Nemelka,1971,1971,G,6-0,175,October 1 1943,BYU,nemeldi01
Tyrone Nesby,1999,2002,F,6-6,225,January 31 1976,Vincennes University UNLV,nesbyty01
Aaron Nesmith,2021,2025,G-F,6-5,215,October 16 1999,Vanderbilt,nesmiaa01
Martin Nessley,1988,1988,C,7-2,260,February 16 1965,Duke,nesslma01
Rasho Nesterović,1999,2010,C,7-0,248,May 30 1976,,nestera01
Raul Neto,2016,2023,G,6-1,180,May 19 1992,,netora01
Bob Netolicky,1968,1976,F-C,6-9,220,August 2 1942,Drake University,netolbo01
Johnny Neumann,1972,1978,G-F,6-6,200,September 11 1951,Ole Miss,neumajo01
Paul Neumann,1962,1967,G,6-1,175,January 30 1938,Stanford,neumapa01
Chuck Nevitt,1983,1994,C,7-5,217,June 13 1959,NC State,nevitch01
Melvin Newbern,1993,1993,G,6-4,200,June 11 1967,Minnesota,newbeme01
Ivano Newbill,1995,1998,F,6-9,245,December 12 1970,Georgia Tech,newbiiv01
Ira Newble,2001,2008,F,6-7,220,January 20 1975,Miami University,newblir01
Mike Newlin,1972,1982,G-F,6-4,200,January 2 1949,Utah,newlimi01
Johnny Newman,1987,2002,F-G,6-7,190,November 28 1963,Richmond,newmajo01
Malik Newman,2020,2022,G,6-3,190,February 21 1997,Mississippi State Kansas,newmama01
Dave Newmark,1969,1971,C,7-0,240,September 11 1946,Columbia University,newmada01
Bill Newton,1973,1974,C,6-9,220,December 22 1950,LSU,newtobi01
Tristen Newton,2025,2025,G,6-5,190,April 26 2001,East Carolina University UConn,newtotr01
Georges Niang,2017,2025,F,6-7,230,June 17 1993,Iowa State,niangge01
Demetris Nichols,2008,2009,F,6-8,216,September 4 1984,Syracuse,nichode01
Jack Nichols,1949,1958,C-F,6-7,222,April 9 1926,Washington,nichoja01
Andrew Nicholson,2013,2017,F,6-9,250,December 8 1989,St. Bonaventure,nichoan01
Gaylon Nickerson,1997,1997,G,6-3,190,February 5 1969,Wichita State Butler County Community College Kansas State Northwestern Oklahoma State University,nickega01
Carl Nicks,1981,1983,G,6-1,175,October 6 1958,Indiana State University,nicksca01
Rich Niemann,1969,1972,C,7-0,245,July 2 1946,Saint Louis,niemari01
Richie Niemiera,1949,1950,G-F,6-1,165,May 26 1921,Notre Dame,niemiri01
Mike Niles,1981,1981,F,6-6,225,March 31 1955,Cal State Fullerton,nilesmi01
Kurt Nimphius,1982,1990,C-F,6-10,218,March 13 1958,Arizona State,nimphku01
Daishen Nix,2022,2025,G,6-5,224,February 13 2002,,nixda01
Dyron Nix,1990,1990,F,6-7,210,February 11 1967,Tennessee,nixdy01
Norm Nixon,1978,1989,G,6-2,170,October 11 1955,Duquesne,nixonno01
Zeke Nnaji,2021,2025,F,6-9,240,January 9 2001,Arizona,nnajize01
Joakim Noah,2008,2020,C,6-11,230,February 25 1985,Florida,noahjo01
Chuck Noble,1956,1962,G,6-4,190,July 24 1931,Louisville,noblech01
Andrés Nocioni,2005,2012,F,6-7,225,November 30 1979,,nocioan01
David Noel,2007,2007,F,6-6,230,February 27 1984,UNC,noelda01
Nerlens Noel,2015,2023,C-F,6-10,220,April 10 1994,Kentucky,noelne01
Paul Noel,1948,1952,F,6-4,185,August 17 1924,Kentucky,noelpa01
Lucas Nogueira,2015,2018,C,7-0,241,July 26 1992,,noguelu01
Jim Nolan,1950,1950,C,6-8,210,June 9 1927,Georgia Tech,nolanji01
Paul Nolen,1954,1954,C,6-10,,September 3 1929,Texas Tech,nolenpa01
Jeff Nordgaard,1998,1998,F,6-7,225,February 23 1973,Green Bay,nordgje01
Bevo Nordmann,1962,1965,C,6-10,225,December 11 1939,Saint Louis,nordmbe01
Johnny Norlander,1947,1951,F,6-3,180,March 5 1921,Hamline University,norlajo01
Connie Norman,1975,1979,G,6-3,175,September 24 1953,Arizona,normaco01
Ken Norman,1988,1997,F,6-8,215,September 5 1964,Illinois,normake01
Audie Norris,1983,1985,C,6-9,230,December 18 1960,Jackson State University,norriau01
Miles Norris,2025,2025,F,6-10,220,April 15 2000,Oregon City College of San Francisco UC Santa Barbara,norrimi01
Moochie Norris,1997,2006,G,6-1,175,July 27 1973,Auburn University of West Florida,norrimo01
Sylvester Norris,1980,1980,C,6-11,220,February 18 1957,Jackson State University,norrisy01
Zach Norvell,2020,2020,G,6-5,206,December 9 1997,Gonzaga,norveza01
Willie Norwood,1972,1978,F,6-7,220,August 8 1947,Alcorn State,norwowi01
George Nostrand,1947,1950,C-F,6-8,195,January 25 1924,Wyoming,nostrge01
Stan Noszka,1947,1949,G,6-1,185,September 9 1920,Duquesne,noszkst01
Mike Novak,1949,1954,C-F,6-9,219,April 23 1915,Loyola Chicago,novakmi01
Steve Novak,2007,2017,F,6-10,225,June 13 1983,Marquette,novakst01
Jaylen Nowell,2020,2025,G,6-4,201,July 9 1999,Washington,nowelja01
Markquis Nowell,2024,2024,G,5-8,160,December 25 1999,Little Rock Kansas State,nowelma01
Mel Nowell,1963,1968,G,6-2,170,December 27 1939,Ohio State,nowelme01
Dirk Nowitzki*,1999,2019,F-C,7-0,245,June 19 1978,,nowitdi01
Frank Ntilikina,2018,2024,G,6-4,200,July 28 1998,,ntilila01
Kendrick Nunn,2020,2023,G,6-2,190,August 3 1995,Illinois Oakland,nunnke01
James Nunnally,2014,2021,F,6-7,208,July 14 1990,UC Santa Barbara,nunnaja01
Jusuf Nurkić,2015,2025,C,7-0,290,August 23 1994,,nurkiju01
Dennis Nutt,1987,1987,G,6-2,170,March 25 1963,TCU,nuttde01
David Nwaba,2017,2022,G,6-5,219,January 14 1993,Cal Poly,nwabada01
Jordan Nwora,2021,2024,F,6-8,225,September 9 1998,Louisville,nworajo01
Julius Nwosu,1995,1995,C,6-10,255,May 1 1971,Liberty,nwosuju01