Player,From,To,Pos,Ht,Wt,Birth Date,Colleges,Player-additional
Žan Tabak,1995,2001,C,7-0,245,June 15 1970,,tabakza01
Yuta Tabuse,2005,2005,G,5-9,165,October 5 1980,Brigham Young University Hawaii,tabusyu01
Chris Taft,2006,2006,F,6-10,260,March 10 1985,Pitt,taftch01
Sid Tanenbaum,1948,1949,G,6-0,160,October 8 1925,NYU,tanensi01
Dragan Tarlać,2001,2001,C,6-10,260,May 9 1973,,tarladr01
Roy Tarpley,1987,1995,C-F,6-11,230,November 28 1964,Michigan,tarplro01
Levern Tart,1968,1971,G-F,6-2,195,June 1 1942,Bradley,tartle01
Jae'Sean Tate,2021,2025,F,6-4,230,October 28 1995,Ohio State,tateja01
Earl Tatum,1977,1980,G-F,6-5,185,July 26 1953,Marquette,tatumea01
Jayson Tatum,2018,2025,F,6-8,210,March 3 1998,Duke,tatumja01
Edy Tavares,2016,2017,C,7-3,260,March 22 1992,,tavarwa01
Anthony Taylor,1989,1989,G,6-4,175,November 30 1965,Oregon,tayloan01
Brian Taylor,1973,1982,G,6-2,185,June 9 1951,Princeton,taylobr01
Donell Taylor,2006,2007,G,6-6,180,July 26 1982,Okaloosa-Walton Community College UAB,taylodo01
Fatty Taylor,1970,1977,G,6-0,175,March 13 1946,Dodge City Community College La Salle,taylofa01
Fred Taylor,1971,1972,G-F,6-5,180,February 5 1948,University of Texas Rio Grande Valley,taylofr01
Isaiah Taylor,2017,2018,G,6-3,170,July 11 1994,Texas,taylois01
Jay Taylor,1990,1990,G,6-3,190,October 3 1967,Eastern Illinois University,tayloja01
Jeff Taylor,1983,1987,G,6-4,175,January 1 1960,Texas Tech,tayloje01
Jeff Taylor,2013,2015,F,6-7,225,May 23 1989,Vanderbilt,tayloje03
Jermaine Taylor,2010,2011,G,6-4,210,December 8 1986,Central Florida,tayloje02
Johnny Taylor,1998,2000,F,6-9,220,June 4 1974,Indian Hills Community College Chattanooga,taylojo01
Leonard Taylor,1990,1990,F,6-8,220,May 2 1966,California,taylole01
Maurice Taylor,1998,2007,F,6-9,260,October 30 1976,Michigan,tayloma01
Mike Taylor,2009,2009,G,6-2,165,January 21 1986,Chipola College Iowa State,taylomi01
Ollie Taylor,1971,1974,G-F,6-2,194,March 7 1947,San Jacinto College Houston,taylool01
Ron Taylor,1970,1972,C,7-1,265,November 21 1947,USC,tayloro01
Terry Taylor,2022,2025,G-F,6-5,230,September 23 1999,Austin Peay State University,taylote01
Tyshawn Taylor,2013,2014,G,6-3,185,April 12 1990,Kansas,tayloty01
Vince Taylor,1983,1983,G-F,6-5,180,September 11 1960,Duke,taylovi01
Terry Teagle,1983,1993,F-G,6-5,195,April 10 1960,Baylor,teaglte01
Jeff Teague,2010,2021,G,6-3,195,June 10 1988,Wake Forest,teaguje01
Marquis Teague,2013,2018,G,6-2,189,February 28 1993,Kentucky,teaguma01
Mirza Teletović,2013,2018,F,6-9,242,September 18 1985,,teletmi01
Sebastian Telfair,2005,2015,G,6-0,165,June 9 1985,,telfase01
Collis Temple,1975,1975,F,6-8,220,November 8 1952,LSU,templco01
Garrett Temple,2010,2025,G,6-5,195,May 8 1986,LSU,templga01
Miloš Teodosić,2018,2019,G,6-5,196,March 19 1987,,teodomi01
Ira Terrell,1977,1979,F-C,6-8,200,June 19 1954,SMU,terreir01
Jared Terrell,2019,2019,G,6-3,227,February 10 1995,Rhode Island,terreja01
Carlos Terry,1981,1983,G-F,6-5,210,June 22 1956,Winston-Salem State,terryca01
Chuck Terry,1973,1977,F,6-6,215,September 27 1950,Cal State Long Beach,terrych01
Claude Terry,1973,1978,G-F,6-4,195,January 12 1950,Stanford,terrycl01
Dalen Terry,2023,2025,G,6-7,195,July 12 2002,Arizona,terryda01
Emanuel Terry,2019,2022,F,6-9,220,August 21 1996,Lincoln Memorial,terryem01
Jason Terry,2000,2018,G,6-2,185,September 15 1977,Arizona,terryja01
Tyrell Terry,2021,2022,G,6-2,160,September 28 2000,Stanford,terryty01
Jon Teske,2022,2022,C,7-1,265,May 4 1997,Michigan,teskejo01
Hasheem Thabeet,2010,2014,C,7-3,263,February 16 1987,UConn,thabeha01
Tom Thacker,1964,1971,G-F,6-2,170,November 2 1939,Cincinnati,thackto01
Floyd Theard,1970,1970,G,6-1,170,September 5 1944,Kentucky State University,thearfl01
Daniel Theis,2018,2025,C,6-8,245,April 4 1992,,theisda01
Reggie Theus,1979,1991,G,6-6,190,October 13 1957,UNLV,theusre01
Peter Thibeaux,1985,1986,F,6-7,210,October 3 1961,Saint Mary's,thibepe01
Bill Thieben,1957,1958,F-C,6-7,215,March 28 1935,Hofstra,thiebbi01
Justus Thigpen,1970,1974,G,6-1,160,August 13 1947,Mott Community College Weber State,thigpju01
David Thirdkill,1983,1987,F-G,6-7,195,April 12 1960,Bradley,thirdda01
Adonis Thomas,2014,2014,F,6-7,200,March 25 1993,Memphis,thomaad01
Billy Thomas,2005,2008,G,6-4,208,December 23 1975,Kansas,thomabi01
Brodric Thomas,2021,2022,G,6-5,185,January 28 1997,Truman State University,thomabr01
Cam Thomas,2022,2025,G,6-4,210,October 13 2001,LSU,thomaca02
Carl Thomas,1992,1998,G,6-4,175,October 3 1969,Eastern Michigan,thomaca01
Charles Thomas,1992,1992,G,6-3,175,October 3 1969,Eastern Michigan,thomach01
Etan Thomas,2002,2011,F,6-9,256,April 1 1978,Syracuse,thomaet01
Irving Thomas,1991,1991,F,6-8,225,January 2 1966,Kentucky Florida State,thomair01
Isaiah Thomas,2012,2024,G,5-9,185,February 7 1989,Washington,thomais02
Isiah Thomas*,1982,1994,G,6-1,180,April 30 1961,Indiana,thomais01
Jamel Thomas,2000,2001,F,6-6,215,March 25 1973,Providence,thomaja01
James Thomas,2005,2006,F,6-8,235,November 22 1980,Texas,thomaja02
Jim Thomas,1984,1991,G,6-3,190,October 19 1960,Indiana,thomaji01
Joe Thomas,1971,1971,F,6-6,205,March 9 1948,Marquette,thomajo01
John Thomas,1998,2006,F,6-9,265,September 8 1975,Minnesota,thomajo02
Kenny Thomas,2000,2010,F,6-7,261,July 25 1977,New Mexico,thomake01
Khyri Thomas,2019,2021,G,6-3,210,May 8 1996,Creighton,thomakh01
Kurt Thomas,1996,2013,F,6-9,230,October 4 1972,TCU,thomaku01
Lance Thomas,2012,2020,F,6-8,240,April 24 1988,Duke,thomala01
Malcolm Thomas,2012,2015,F,6-9,225,November 8 1988,Pepperdine San Diego State,thomama01
Matt Thomas,2020,2022,G,6-4,190,August 4 1994,Iowa State,thomama02
Ron Thomas,1973,1976,F,6-6,215,November 19 1950,Trinity Valley CC Louisville,thomaro01
Terry Thomas,1976,1976,F,6-8,220,August 20 1953,Detroit Mercy,thomate01
Tim Thomas,1998,2010,F,6-10,230,February 26 1977,Villanova,thomati01
Tyrus Thomas,2007,2015,F,6-9,215,August 17 1986,LSU,thomaty01
Willis Thomas,1968,1968,G,6-2,185,,Harbor College,thomawi01
Trey Thompkins,2012,2012,F,6-10,245,May 20 1990,Georgia,thomptr02
Amen Thompson,2024,2025,G,6-7,209,January 30 2003,,thompam01
Ausar Thompson,2024,2025,G,6-7,215,January 30 2003,,thompau01
Bernard Thompson,1985,1989,F-G,6-6,210,August 30 1962,Fresno State,thompbe01
Billy Thompson,1987,1992,F,6-7,195,December 1 1963,Louisville,thompbi01
Brooks Thompson,1995,1998,G,6-4,193,July 19 1970,Texas A&M Oklahoma State,thompbr01
Corny Thompson,1983,1983,F,6-8,225,February 5 1960,UConn,thompco01
David Thompson*,1976,1984,G-F,6-4,195,July 13 1954,NC State,thompda01
Dijon Thompson,2006,2007,G-F,6-7,195,February 23 1983,UCLA,thompdi01
George Thompson,1970,1975,G,6-2,200,November 29 1947,Marquette,thompge01
Hollis Thompson,2014,2017,G-F,6-8,206,April 3 1991,Georgetown,thompho01
Jack Thompson,1969,1969,G,6-1,185,March 26 1946,South Carolina,thompja01
Jason Thompson,2009,2016,F-C,6-11,250,July 21 1986,Rider University,thompja02
John Thompson*,1965,1966,F,6-10,225,September 2 1941,Providence,thompjo01
Kevin Thompson,1994,1994,C-F,6-11,260,February 7 1971,NC State,thompke01
Klay Thompson,2012,2025,G-F,6-5,215,February 8 1990,Washington State,thompkl01
LaSalle Thompson,1983,1997,C-F,6-10,245,June 23 1961,Texas,thompla01
Mychal Thompson,1979,1991,C-F,6-10,226,January 30 1955,Minnesota,thompmy01
Mychel Thompson,2012,2012,G,6-6,211,June 1 1988,Pepperdine,thompmy02
Paul Thompson,1984,1986,G-F,6-6,210,May 25 1961,Tulane,thomppa01
Stephen Thompson,1992,1992,G,6-4,185,December 2 1968,Syracuse,thompst01
Tristan Thompson,2012,2025,F-C,6-9,254,March 13 1991,Texas,thomptr01
JT Thor,2022,2025,F,6-10,205,August 26 2002,Auburn,thorjt01
Skip Thoren,1968,1970,C,6-10,230,April 5 1943,Illinois,thoresk01
Rod Thorn*,1964,1971,G,6-4,195,May 23 1941,West Virginia,thornro01
Al Thornton,2008,2011,F,6-8,220,December 7 1983,Florida State,thornal01
Bob Thornton,1986,1996,F-C,6-10,225,July 10 1962,University of California Irvine,thornbo01
Dallas Thornton,1969,1970,G,6-4,190,September 1 1946,Kentucky Wesleyan College,thornda01
Marcus Thornton,2010,2017,G,6-4,205,June 5 1987,LSU,thornma01
Sindarius Thornwell,2018,2021,G,6-4,215,November 15 1994,South Carolina,thornsi01
Otis Thorpe,1985,2001,F-C,6-10,248,August 5 1962,Providence,thorpot01
Sedale Threatt,1984,1997,G,6-2,175,September 10 1961,West Virginia Tech,threase01
Nate Thurmond*,1964,1977,C-F,6-11,225,July 25 1941,Bowling Green,thurmna01
Mel Thurston,1948,1948,G,6-0,175,January 16 1919,Canisius,thursme01
Matisse Thybulle,2020,2025,G,6-5,201,March 4 1997,Washington,thybuma01
Hal Tidrick,1949,1949,F-G,6-1,190,April 4 1915,Washington & Jefferson College,tidriha01
Dan Tieman,1963,1963,G,6-0,185,November 30 1940,Thomas More College,tiemada01
Killian Tillie,2021,2022,F,6-9,220,March 5 1998,Gonzaga,tilliki02
Darren Tillis,1983,1984,C-F,6-11,215,February 23 1960,Cleveland State University,tillida01
Xavier Tillman Sr.,2021,2025,F,6-8,245,January 12 1999,Michigan State,tillmxa01
Drew Timme,2025,2025,F,6-10,235,September 9 2000,Gonzaga,timmedr01
Jack Tingle,1948,1949,F,6-4,205,December 30 1924,Kentucky,tinglja01
George Tinsley,1970,1972,F,6-5,205,September 19 1946,Kentucky Wesleyan College,tinslge01
Jamaal Tinsley,2002,2014,G,6-3,195,February 28 1978,Iowa State,tinslja01
Wayman Tisdale,1986,1997,F-C,6-9,240,June 9 1964,Oklahoma,tisdawa01
Mike Tobey,2017,2017,C,7-0,260,October 10 1994,Virginia,tobeymi01
Isaiah Todd,2022,2023,F,6-10,220,October 17 2001,,toddis01
Mike Todorovich,1950,1951,F-C,6-5,220,June 11 1923,Washington University in Saint Louis Notre Dame Wyoming,todormi01
Ray Tolbert,1982,1989,F,6-9,225,September 10 1958,Indiana,tolbera01
Tom Tolbert,1989,1995,F-C,6-7,235,October 16 1965,University of California Irvine Arizona,tolbeto01
Anthony Tolliver,2009,2021,F-C,6-8,240,June 1 1985,Creighton,tollian01
Dean Tolson,1975,1978,F,6-8,190,November 25 1951,Arkansas,tolsode01
Rudy Tomjanovich*,1971,1981,F,6-8,218,November 24 1948,Michigan,tomjaru01
Nae'Qwan Tomlin,2025,2025,F,6-10,205,December 10 2000,Monroe Community College Chipola College Kansas State Memphis,tomlina01
Andrew Toney,1981,1988,G,6-3,178,November 23 1957,Louisiana,toneyan01
Sedric Toney,1986,1994,G,6-2,178,April 13 1962,Dayton,toneyse01
Andy Tonkovich,1949,1949,G,6-1,185,November 1 1922,Marshall,tonkoan01
Andy Toolson,1991,1996,G-F,6-6,210,January 19 1966,BYU,toolsan01
Jack Toomay,1948,1950,C-F,6-6,215,August 9 1922,University of the Pacific,toomaja01
Bernard Toone,1980,1980,F,6-9,210,July 14 1956,Marquette,toonebe01
Jacob Toppin,2024,2025,F,6-9,205,May 8 2000,Rhode Island Kentucky,toppija01
Obi Toppin,2021,2025,F,6-9,220,March 4 1998,Dayton,toppiob01
Irv Torgoff,1947,1949,F,6-2,192,March 6 1917,Long Island University,torgoir01
Gene Tormohlen,1963,1970,C-F,6-8,230,May 12 1937,Tennessee,tormobu01
Óscar Torres,2002,2003,F,6-6,210,December 18 1976,,torreos01
Juan Toscano-Anderson,2020,2024,F,6-6,209,April 10 1993,Marquette,toscaju01
Bill Tosheff,1952,1954,G,6-1,175,June 2 1926,Indiana,toshebi01
Bob Tough,1949,1950,G-F,6-0,185,August 28 1920,St. John's,toughbo01
Axel Toupane,2016,2021,G-F,6-7,197,July 23 1992,,toupaax01
Monte Towe,1976,1977,G,5-7,150,September 27 1953,NC State,towemo01
Keith Tower,1994,1997,C-F,6-11,250,May 15 1970,Notre Dame,towerke01
Blackie Towery,1949,1950,F-C,6-4,210,June 20 1920,Western Kentucky,towerbl01
Linton Townes,1983,1985,F-G,6-7,190,November 30 1959,James Madison University,towneli01
Karl-Anthony Towns,2016,2025,C-F,7-0,248,November 15 1995,Kentucky,townska01
Raymond Townsend,1979,1982,G,6-3,175,December 20 1955,UCLA,townsra01
Armel Traoré,2025,2025,F,6-8,215,January 23 2003,,armeltr01
George Trapp,1972,1977,F-C,6-8,205,July 11 1948,Cal State Long Beach,trappge01
John Trapp,1969,1973,F,6-7,210,October 2 1945,Voorhees College Pasadena City College UNLV,trappjo01
Luke Travers,2025,2025,G,6-8,199,September 3 2001,,travelu01
Robert Traylor,1999,2005,F,6-8,284,February 1 1977,Michigan,traylro01
Gary Trent,1996,2004,F,6-8,250,September 22 1974,Ohio University,trentga01
Gary Trent Jr.,2019,2025,G,6-5,209,January 18 1999,Duke,trentga02
Jeff Trepagnier,2002,2004,G,6-4,200,July 11 1979,USC,trepaje01
John Tresvant,1965,1973,F-C,6-7,215,November 6 1939,Seattle University,tresvjo01
Allonzo Trier,2019,2020,G,6-4,200,January 17 1996,Arizona,trieral01
Dick Triptow,1949,1950,G-F,6-0,170,November 3 1922,DePaul,triptdi01
Kelly Tripucka,1982,1991,F-G,6-6,220,February 16 1959,Notre Dame,tripuke01
Ansley Truitt,1973,1973,C,6-9,215,August 24 1950,California,truitan01
Cezary Trybański,2003,2004,C,7-2,240,September 22 1979,,trybace01
Jake Tsakalidis,2001,2007,C,7-2,285,June 10 1979,,tsakaja01
John Tschogl,1973,1975,F,6-6,206,April 25 1950,UC Santa Barbara,tschojo01
Oscar Tshiebwe,2024,2025,F,6-9,260,November 27 1999,West Virginia Kentucky,tshieos01
Lou Tsioropoulos,1957,1959,F,6-5,190,August 31 1930,Kentucky,tsiorlo01
Nikoloz Tskitishvili,2003,2006,F,7-0,225,April 14 1983,,tskitni01
Al Tucker,1968,1972,F,6-8,190,February 24 1943,Oklahoma Baptist University,tuckeal01
Alando Tucker,2008,2010,F,6-6,205,February 11 1984,Wisconsin,tuckeal02
Anthony Tucker,1995,1995,F,6-8,220,April 4 1969,Georgetown Wake Forest,tuckean01
Jim Tucker,1955,1957,F,6-7,185,December 11 1932,Duquesne,tuckeji01
P.J. Tucker,2007,2025,F,6-5,245,May 5 1985,Texas,tuckepj01
Rayjon Tucker,2020,2022,F,6-3,209,September 24 1997,Florida Gulf Coast Little Rock,tuckera01
Trent Tucker,1983,1993,G,6-5,193,December 20 1959,Minnesota,tucketr01
Ronny Turiaf,2006,2015,F,6-10,249,January 13 1983,Gonzaga,turiaro01
Mirsad Türkcan,2000,2000,F,6-9,236,June 7 1976,,turkcmi01
Hedo Türkoğlu,2001,2015,F,6-10,220,March 19 1979,,turkohe01
Andre Turner,1987,1992,G,5-11,160,December 13 1964,Memphis,turnean01
Bill Turner,1968,1973,F,6-7,220,February 18 1944,University of Akron,turnebi01
Elston Turner,1982,1989,G-F,6-5,190,June 10 1959,Ole Miss,turneel01
Evan Turner,2011,2020,G,6-6,220,October 27 1988,Ohio State,turneev01
Gary Turner,1968,1968,F,6-7,200,November 23 1942,Paris Junior College TCU,turnega01
Henry Turner,1990,1995,G-F,6-7,200,August 18 1966,Cal State Fullerton,turnehe02
Herschell Turner,1968,1968,G,6-2,195,March 29 1938,Nebraska,turnehe01
Jack Turner,1955,1955,F-G,6-4,170,June 29 1930,Western Kentucky,turneja01
Jack Turner,1962,1962,G-F,6-5,200,June 5 1939,Louisville,turneja02
Jeff Turner,1985,1996,F-C,6-9,230,April 9 1962,Vanderbilt,turneje01
John Turner,1992,1992,F,6-8,245,November 30 1967,Georgetown Phillips University,turnejo01
Myles Turner,2016,2025,C-F,6-11,250,March 24 1996,Texas,turnemy01
Wayne Turner,2000,2000,G,6-2,190,March 22 1976,Kentucky,turnewa01
Melvin Turpin,1985,1990,C,6-11,240,December 28 1960,Kentucky,turpime01
Dave Twardzik,1973,1980,G,6-1,175,September 20 1950,Old Dominion,twardda01
Jack Twyman*,1956,1966,F-G,6-6,210,May 11 1934,Cincinnati,twymaja01
B.J. Tyler,1995,1995,G,6-1,185,April 30 1971,DePaul Texas,tylerbj01
Jeremy Tyler,2012,2014,C,6-10,260,June 21 1991,,tylerje01
Terry Tyler,1979,1989,F-G,6-7,215,October 30 1956,Detroit Mercy,tylerte01
Charlie Tyra,1958,1962,C-F,6-8,230,August 16 1935,Louisville,tyrach01
Hunter Tyson,2024,2025,F,6-8,215,June 13 2000,Clemson,tysonhu01
Jaylon Tyson,2025,2025,G,6-6,215,December 2 2002,Texas Texas Tech California,tysonja01