Player,From,To,Pos,Ht,Wt,Birth Date,Colleges,Player-additional
Dean Wade,2020,2025,F,6-9,228,November 20 1996,Kansas State,wadede01
Dwyane Wade*,2004,2019,G,6-4,220,January 17 1982,Marquette,wadedw01
Mark Wade,1988,1990,G,5-11,160,October 15 1965,Oklahoma UNLV,wadema01
Von Wafer,2006,2012,G,6-5,210,July 21 1985,Florida State,wafervo01
Clint Wager,1950,1950,C-F,6-6,210,January 20 1920,Saint Mary's University of Minnesota,wagercl01
Dajuan Wagner,2003,2007,G,6-2,200,February 4 1983,Memphis,wagneda02
Danny Wagner,1950,1950,G,6-0,170,August 1 1922,Texas,wagneda01
Franz Wagner,2022,2025,G-F,6-10,225,August 27 2001,Michigan,wagnefr01
Milt Wagner,1988,1991,G,6-5,185,February 20 1963,Louisville,wagnemi01
Moritz Wagner,2019,2025,F-C,6-11,245,April 26 1997,Michigan,wagnemo01
Phil Wagner,1969,1969,G,6-2,190,December 18 1945,Georgia Tech,wagneph01
Ish Wainright,2022,2024,F,6-6,250,September 12 1994,Baylor,wainris01
Dion Waiters,2013,2020,G,6-3,215,December 10 1991,Syracuse,waitedi01
Granville Waiters,1984,1988,C,6-11,225,January 8 1961,Ohio State,waitegr01
Andre Wakefield,1979,1980,G,6-3,175,January 11 1955,Loyola Chicago,wakefan01
Neal Walk,1970,1977,C,6-10,220,July 29 1948,Florida,walkne01
Andy Walker,1977,1977,G,6-4,190,March 25 1955,Niagara University,walkean01
Antoine Walker,1997,2008,F,6-9,224,August 12 1976,Kentucky,walkean02
Brady Walker,1949,1952,F-C,6-6,205,March 15 1921,BYU,walkebr01
Chet Walker*,1963,1975,F-G,6-7,212,February 22 1940,Bradley,walkech01
Darrell Walker,1984,1993,G,6-4,180,March 9 1961,Arkansas,walkeda01
Foots Walker,1975,1984,G,6-0,184,May 21 1951,Vincennes University West Georgia,walkefo01
Henry Walker,2009,2015,F,6-6,220,October 9 1987,Kansas State,walkebi01
Horace Walker,1962,1962,F,6-3,210,April 17 1937,Michigan State,walkeho01
Jabari Walker,2023,2025,F,6-9,215,July 30 2002,Colorado,walkeja01
Jarace Walker,2024,2025,F,6-8,240,September 4 2003,Houston,walkeja02
Jimmy Walker,1968,1976,G,6-3,195,April 8 1944,Providence,walkeji01
Kemba Walker,2012,2023,G,6-0,184,May 8 1990,UConn,walkeke02
Kenny Walker,1987,1995,F,6-8,210,August 18 1964,Kentucky,walkeke01
Lonnie Walker IV,2019,2025,G,6-4,204,December 14 1998,Miami (FL),walkelo01
M.J. Walker,2022,2022,G,6-5,213,March 28 1998,Florida State,walkemj01
Phil Walker,1978,1978,G,6-3,180,March 20 1956,Millersville,walkeph01
Samaki Walker,1997,2006,F,6-9,240,February 25 1976,Louisville,walkesa01
Wally Walker,1977,1984,F,6-7,190,July 18 1954,Virginia,walkewa01
John Wall,2011,2023,G,6-3,210,September 6 1990,Kentucky,walljo01
Ben Wallace*,1997,2012,F-C,6-9,240,September 10 1974,Cuyahoga Community College Virginia Union University,wallabe01
Cason Wallace,2024,2025,G,6-4,205,November 7 2003,Kentucky,wallaca01
Gerald Wallace,2002,2015,F,6-7,215,July 23 1982,Alabama,wallage01
John Wallace,1997,2004,F,6-8,225,February 9 1974,Syracuse,wallajo01
Keaton Wallace,2025,2025,G,6-3,195,February 26 1999,Texas-San Antonio,wallake01
Rasheed Wallace,1996,2013,F-C,6-11,225,September 17 1974,UNC,wallara01
Red Wallace,1947,1947,G,6-1,185,July 12 1918,University of Scranton,wallare01
Tyrone Wallace,2018,2022,G,6-5,198,June 10 1994,California,wallaty01
Dwight Waller,1969,1972,F,6-6,220,October 5 1945,Tennessee State,walledw01
Jamie Waller,1988,1988,G,6-4,215,November 20 1964,Virginia Union University,walleja01
Jim Walsh,1958,1958,F,6-4,195,August 29 1930,Stanford,walshji01
Jordan Walsh,2024,2025,G-F,6-7,205,March 3 2004,Arkansas,walshjo01
Matt Walsh,2006,2006,G-F,6-6,205,December 2 1982,Florida,walshma01
Ja'Kobe Walter,2025,2025,G,6-5,180,September 4 2004,Baylor,walteja01
Rex Walters,1994,2000,G,6-4,190,March 12 1970,Northwestern Kansas,waltere01
Paul Walther,1950,1955,G-F,6-2,160,March 23 1927,Tennessee,walthpa01
Isaac Walthour,1954,1954,G,5-11,163,August 25 1930,,walthis01
Bill Walton*,1975,1987,C-F,6-11,210,November 5 1952,UCLA,waltobi01
Derrick Walton,2018,2022,G,6-0,189,April 3 1995,Michigan,waltode01
Lloyd Walton,1977,1981,G,6-0,160,November 23 1953,Marquette,waltoll01
Luke Walton,2004,2013,F,6-8,235,March 28 1980,Arizona,waltolu01
Brad Wanamaker,2019,2022,G,6-3,210,July 25 1989,Pitt,wanambr01
Bobby Wanzer*,1949,1957,G,6-0,170,June 4 1921,Seton Hall,wanzebo01
Perry Warbington,1975,1975,G,6-2,165,September 7 1952,Georgia Southern University,warbipe01
Charlie Ward,1995,2005,G,6-2,190,October 12 1970,Florida State,wardch01
Gerry Ward,1964,1967,G,6-4,195,September 6 1941,Boston College,wardge01
Henry Ward,1976,1977,G-F,6-4,195,January 30 1952,Jackson State University,wardhe01
Casper Ware,2014,2014,G,5-10,175,January 17 1990,Cal State Long Beach,wareca01
Jim Ware,1967,1969,F,6-7,210,May 2 1944,Oklahoma City University,wareji01
Kel'el Ware,2025,2025,C,7-0,230,April 20 2004,Oregon Indiana,wareke01
Ben Warley,1963,1970,F-G,6-5,200,September 4 1936,Tennessee State,warlebe01
Bob Warlick,1966,1970,G-F,6-5,200,March 20 1941,University of Southern Colorado Pepperdine,warlibo01
Cornell Warner,1971,1977,F-C,6-9,220,August 12 1948,Jackson State University,warneco01
Jameel Warney,2018,2018,F,6-8,260,January 31 1994,Stony Brook University,warneja01
Bob Warren,1969,1976,G,6-5,190,July 17 1946,Vanderbilt,warrebo01
John Warren,1970,1974,G-F,6-3,180,July 7 1947,St. John's,warrejo01
T.J. Warren,2015,2024,F,6-8,220,September 5 1993,NC State,warretj01
Willie Warren,2011,2011,G,6-4,203,October 22 1989,Oklahoma,warrewi01
Bryan Warrick,1983,1986,G,6-5,195,July 22 1959,Saint Joseph's,warribr01
Hakim Warrick,2006,2013,F,6-9,219,July 8 1982,Syracuse,warriha01
Chris Washburn,1987,1988,C,6-11,225,May 13 1965,NC State,washbch01
Julian Washburn,2019,2019,F,6-8,210,December 18 1991,Texas-El Paso,washbju01
Bobby Washington,1970,1972,G,5-11,175,July 11 1947,Eastern Kentucky University,washibo01
Darius Washington,2008,2008,G,6-2,195,December 6 1985,Memphis,washida01
Don Washington,1975,1976,F,6-8,210,April 22 1952,UNC,washido01
Duane Washington,1988,1993,G,6-4,195,August 31 1964,Middle Tennessee,washidu01
Duane Washington Jr.,2022,2023,G,6-3,210,March 24 2000,Ohio State,washidu02
Eric Washington,1998,1999,G,6-4,190,March 23 1974,Alabama,washier01
Jim Washington,1966,1976,F-C,6-6,210,July 1 1943,Villanova,washiji01
Kermit Washington,1974,1988,F-C,6-8,230,September 17 1951,American University,washike01
P.J. Washington,2020,2025,F,6-7,230,August 23 1998,Kentucky,washipj01
Pearl Washington,1987,1989,G,6-2,190,January 6 1964,Syracuse,washipe01
Richard Washington,1977,1982,F-C,6-11,220,July 15 1955,UCLA,washiri01
Stan Washington,1975,1975,G,6-4,190,January 23 1952,University of San Diego,washist01
Trooper Washington,1968,1973,F-C,6-7,215,April 21 1944,Cheyney (PA),washitr01
TyTy Washington Jr.,2023,2025,G,6-3,197,November 15 2001,Kentucky,washity02
Wilson Washington,1978,1979,F-C,6-9,227,August 3 1955,Old Dominion,washiwi01
Yuta Watanabe,2019,2024,F,6-9,215,October 13 1994,George Washington,watanyu01
Lindy Waters III,2022,2025,G,6-6,215,July 28 1997,Oklahoma State,waterli01
Tremont Waters,2020,2022,G,5-10,175,January 10 1998,LSU,watertr01
Trendon Watford,2022,2025,F,6-9,240,November 9 2000,LSU,watfotr01
Darryl Watkins,2008,2012,C,6-11,258,November 8 1984,Syracuse,watkida01
Anton Watson,2025,2025,F,6-8,225,October 6 2000,Gonzaga,watsoan02
Bobby Watson,1955,1955,G,6-0,160,March 22 1930,Kentucky,watsobo01
C.J. Watson,2008,2017,G,6-2,175,April 17 1984,Tennessee,watsocj01
Earl Watson,2002,2014,G,6-1,195,June 12 1979,UCLA,watsoea01
Jamie Watson,1995,1999,F,6-7,190,February 23 1972,South Carolina,watsoja01
Paul Watson,2020,2022,G,6-6,210,December 30 1994,Fresno State,watsopa01
Peyton Watson,2023,2025,G-F,6-8,200,September 11 2002,UCLA,watsope01
Ron Watts,1966,1967,F,6-6,210,May 21 1943,Wake Forest,wattsro01
Sam Watts,1971,1971,G,6-3,185,March 14 1948,Florida A&M University of Great Falls,wattssa01
Slick Watts,1974,1979,G,6-1,175,July 22 1951,Xavier University of Louisiana,wattssl01
Maalik Wayns,2013,2014,G,6-2,200,May 2 1991,Villanova,waynsma01
David Wear,2015,2015,F,6-10,230,September 21 1990,UNC UCLA,wearda01
Travis Wear,2015,2018,F,6-10,230,September 21 1990,UNC UCLA,weartr01
Clarence Weatherspoon,1993,2005,F,6-6,240,September 8 1970,Southern Miss,weathcl01
Nick Weatherspoon,1974,1980,F,6-7,195,July 20 1950,Illinois,weathni01
Quinndary Weatherspoon,2020,2022,G,6-3,205,September 10 1996,Mississippi State,weathqu01
Kyle Weaver,2009,2011,G,6-6,201,February 18 1986,Washington State,weaveky01
James Webb III,2018,2018,F,6-9,202,August 19 1993,Boise State,webbja01
Jeff Webb,1971,1972,G,6-4,170,July 6 1948,Kansas State,webbje01
Marcus Webb,1993,1993,F-C,6-9,255,May 9 1970,Alabama,webbma01
Spud Webb,1986,1998,G,5-6,133,July 13 1963,Midland College NC State,webbsp01
Chris Webber*,1994,2008,F-C,6-10,245,March 1 1973,Michigan,webbech01
Briante Weber,2016,2018,G,6-2,165,December 29 1992,VCU,weberbr01
Jake Weber,1947,1947,C,6-6,225,March 18 1918,Purdue,weberja01
Elnardo Webster,1972,1972,F,6-5,190,March 6 1948,Wharton County Junior College Saint Peter's College,webstel01
Jeff Webster,1996,1996,F,6-8,232,February 19 1971,Oklahoma,webstje01
Martell Webster,2006,2015,G-F,6-7,230,December 4 1986,,webstma02
Marvin Webster,1976,1987,C,7-1,225,April 13 1952,Morgan State University,webstma01
Scott Wedman,1975,1987,F-G,6-7,215,July 29 1952,Colorado,wedmasc01
Sonny Weems,2009,2016,G-F,6-6,205,July 8 1986,Arkansas,weemsso01
Dick Wehr,1949,1949,F,6-4,180,December 9 1925,Rice University,wehrdi01
Brant Weidner,1984,1984,F,6-9,230,October 28 1960,William & Mary,weidnbr01
Bob Weiss,1966,1977,G,6-2,180,May 7 1942,Penn State,weissbo01
Rick Weitzman,1968,1968,G,6-2,175,April 30 1946,Northeastern University,weitzri01
Bonzi Wells,1999,2008,G-F,6-5,210,September 28 1976,Ball State University,wellsbo01
Bubba Wells,1998,1998,F,6-5,230,July 26 1974,Austin Peay State University,wellsbu01
Jaylen Wells,2025,2025,F,6-7,206,August 26 2003,Sonoma State University Washington State,wellsja01
Owen Wells,1975,1975,F,6-7,200,December 9 1950,Detroit Mercy,wellsow01
Ralph Wells,1963,1963,G,6-1,180,September 3 1940,Northwestern,wellsra01
Chris Welp,1988,1990,C,7-0,245,January 2 1964,Washington,welpch01
Jiří Welsch,2003,2006,G,6-7,208,January 27 1980,,welscji01
Thomas Welsh,2019,2019,C,7-0,255,February 3 1996,UCLA,welshth01
Victor Wembanyama,2024,2025,C-F,7-3,235,January 4 2004,,wembavi01
Bill Wennington,1986,2000,C,7-0,245,April 26 1963,St. John's,wennibi01
Matt Wenstrom,1994,1994,C,7-1,250,November 4 1970,UNC,wenstma01
Robert Werdann,1993,1997,C,6-11,250,September 12 1970,St. John's,werdaro01
Ray Wertis,1947,1948,G,5-11,,July 30 1923,St. John's,wertira01
Blake Wesley,2023,2025,G,6-5,185,March 16 2003,Notre Dame,weslebl01
David Wesley,1994,2007,G,6-0,190,November 14 1970,Baylor,wesleda01
Walt Wesley,1967,1976,C,6-11,220,January 25 1945,Kansas,weslewa01
David West,2004,2018,F-C,6-9,250,August 29 1980,Xavier,westda01
Delonte West,2005,2012,G,6-4,180,July 26 1983,Saint Joseph's,westde01
Doug West,1990,2001,G-F,6-6,200,May 27 1967,Villanova,westdo01
Jerry West*,1961,1974,G,6-3,175,May 28 1938,West Virginia,westje01
Mario West,2008,2011,G,6-5,210,June 19 1984,Georgia Tech,westma02
Mark West,1984,2000,C-F,6-10,230,November 5 1960,Old Dominion,westma01
Roland West,1968,1968,G,6-4,178,June 6 1944,Cincinnati,westro01
Dexter Westbrook,1968,1968,F,6-8,190,,Providence,westbde01
Russell Westbrook,2009,2025,G,6-4,200,November 12 1988,UCLA,westbru01
Paul Westphal*,1973,1984,G,6-4,195,November 30 1950,USC,westppa01
John Wetzel,1968,1976,G-F,6-5,190,October 22 1944,Virginia Tech,wetzejo01
Robert Whaley,2006,2006,C,6-10,260,April 16 1982,Barton County Community College Cincinnati Walsh University,whalero01
Ennis Whatley,1984,1997,G,6-3,177,August 11 1962,Alabama,whatlen01
DeJuan Wheat,1998,1999,G,6-0,165,October 14 1973,Louisville,wheatde01
Clinton Wheeler,1988,1989,G,6-1,185,October 27 1959,William Paterson University,wheelcl01
Phillip Wheeler,2025,2025,F,6-9,211,April 23 2002,,wheelph02
Tyson Wheeler,1999,1999,G,5-10,165,October 8 1975,Rhode Island,wheelty01
Skippy Whitaker,1955,1955,G,6-1,180,August 29 1930,Kentucky,whitask01
Andrew White,2018,2018,G,6-7,210,June 16 1993,Nebraska Syracuse,whitean01
Coby White,2020,2025,G,6-5,195,February 16 2000,UNC,whiteco01
D.J. White,2009,2014,F,6-9,251,August 31 1986,Indiana,whitedj01
Derrick White,2018,2025,G,6-4,190,July 2 1994,Colorado-Colorado Springs Colorado,whitede01
Eric White,1988,1989,F,6-8,200,December 30 1965,Pepperdine,whiteer01
Herb White,1971,1971,G,6-2,195,June 15 1948,Georgia,whitehe01
Hubie White,1963,1971,G-F,6-4,205,January 26 1940,Villanova,whitehu01
Jack White,2023,2024,F,6-7,225,August 5 1997,Duke,whiteja03
Jahidi White,1999,2005,F-C,6-9,290,February 19 1976,Georgetown,whiteja01
James White,2007,2013,G-F,6-7,200,October 21 1982,Florida Cincinnati,whiteja02
Jo Jo White*,1970,1981,G,6-3,190,November 16 1946,Kansas,whitejo01
Okaro White,2017,2019,F,6-8,205,August 13 1992,Florida State,whiteok01
Randy White,1990,1994,F,6-8,240,November 4 1967,Louisiana Tech,whitera01
Rodney White,2002,2005,F,6-9,238,June 28 1980,UNC Charlotte,whitero02
Rory White,1983,1987,F,6-8,210,August 16 1959,University of South Alabama,whitero01
Royce White,2014,2014,F,6-8,270,April 10 1991,Iowa State,whitero03
Rudy White,1976,1981,G,6-2,195,June 23 1953,Arizona State,whiteru01
Tony White,1988,1988,G,6-2,170,February 15 1965,Tennessee,whiteto01
Willie White,1985,1986,G,6-3,195,August 20 1962,Chattanooga,whitewi01
Isaiah Whitehead,2017,2018,G,6-4,213,March 8 1995,Seton Hall,whiteis01
Jerome Whitehead,1979,1989,C-F,6-10,220,September 30 1956,Marquette,whiteje01
Donald Whiteside,1997,1998,G,5-10,160,April 25 1969,Northern Illinois,whitedo01
Hassan Whiteside,2011,2022,C,7-0,265,June 13 1989,Marshall,whiteha01
Dwayne Whitfield,1996,1996,F,6-9,240,August 21 1972,Jackson State University,whitfdw01
Cam Whitmore,2024,2025,F,6-7,232,July 8 2004,Villanova,whitmca01
Chris Whitney,1994,2004,G,6-0,168,October 5 1971,Clemson,whitnch01
Hank Whitney,1968,1970,F-C,6-7,230,April 28 1939,Iowa State,whitnha01
Hawkeye Whitney,1981,1982,G-F,6-5,235,June 22 1957,NC State,whitnha02
Greg Whittington,2021,2021,F,6-8,210,February 7 1993,Georgetown,whittgr01
Shayne Whittington,2015,2016,F-C,6-11,250,March 27 1991,Western Michigan,whittsh01
Sidney Wicks,1972,1981,F-C,6-8,225,September 19 1949,Santa Monica College UCLA,wickssi01
Ron Widby,1968,1968,F,6-4,210,March 9 1945,Tennessee,widbyro01
Murray Wier,1950,1950,G,5-9,155,December 12 1926,Iowa,wiermu01
Bob Wiesenhahn,1962,1962,F,6-4,215,December 22 1938,Cincinnati,wiesebo01
Joe Wieskamp,2022,2023,G,6-6,212,August 23 1999,Iowa,wieskjo01
Aaron Wiggins,2022,2025,G,6-6,200,January 2 1999,Maryland,wiggiaa01
Andrew Wiggins,2015,2025,F-G,6-7,197,February 23 1995,Kansas,wiggian01
Mitchell Wiggins,1984,1992,G,6-4,185,September 28 1959,Clemson Florida State,wiggimi01
Lindell Wigginton,2022,2024,G,6-2,189,March 28 1998,Iowa State,wiggili01
Ken Wilburn,1968,1969,F,6-6,195,June 8 1944,Central State University,wilbuke01
C.J. Wilcox,2015,2017,G,6-5,195,December 30 1990,Washington,wilcocj01
Chris Wilcox,2003,2013,F,6-10,221,September 3 1982,Maryland,wilcoch01
D.C. Wilcutt,1949,1950,G,6-2,165,March 25 1923,Saint Louis,wilcudc01
Gene Wiley,1963,1968,C,6-10,210,November 12 1937,Wichita State,wileyge01
Jacob Wiley,2018,2018,F,6-7,215,September 4 1994,Eastern Washington,wileyja01
Michael Wiley,1981,1982,F,6-9,200,October 16 1957,Cal State Long Beach,wileymi01
Morlon Wiley,1989,1995,G,6-4,185,September 24 1966,Cal State Long Beach,wileymo01
Win Wilfong,1958,1961,G-F,6-2,185,March 18 1933,Memphis,wilfowi01
Lenny Wilkens*,1961,1975,G,6-1,180,October 28 1937,Providence,wilkele01
Bob Wilkerson,1977,1983,G-F,6-6,195,August 15 1954,Indiana,wilkebo01
Jamaal Wilkes*,1975,1986,F-G,6-6,190,May 2 1953,UCLA,wilkeja01
James Wilkes,1981,1983,F,6-7,195,April 1 1958,UCLA,wilkeja02
Damien Wilkins,2005,2018,F-G,6-6,225,January 11 1980,NC State Georgia,wilkida02
Dominique Wilkins*,1983,1999,F-G,6-8,215,January 12 1960,Georgia,wilkido01
Eddie Lee Wilkins,1985,1993,F-C,6-10,220,May 7 1962,Gardner-Webb University,wilkied01
Gerald Wilkins,1986,1999,G-F,6-6,185,September 11 1963,Chattanooga,wilkige01
Jeff Wilkins,1981,1986,C-F,6-11,230,March 9 1955,Illinois State,wilkije01
Dale Wilkinson,1985,1985,F,6-10,220,March 18 1960,Idaho State University,wilkida01
Mike Wilks,2003,2010,G,5-10,185,May 7 1979,Rice University,wilksmi01
Aaron Williams,1994,2008,F-C,6-9,220,October 2 1971,Xavier,williaa01
Al Williams,1971,1971,F,6-6,200,February 3 1948,Drake University,willial01
Alan Williams,2016,2019,F-C,6-8,265,January 28 1993,UC Santa Barbara,willial03
Alondes Williams,2023,2025,G,6-4,210,June 19 1999,Triton College Oklahoma Wake Forest,willial06
Alvin Williams,1998,2007,G,6-5,185,August 6 1974,Villanova,willial02
Art Williams,1968,1975,G,6-1,180,September 29 1939,Cal Poly Pomona,williar01
Bernie Williams,1970,1974,G,6-3,175,December 30 1945,La Salle,willibe01
Bob Williams,1956,1957,F,6-6,230,May 12 1931,Florida A&M,willibo01
Brandon Williams,1998,2003,G,6-6,215,February 27 1975,Davidson,willibr01
Brandon Williams,2022,2025,G,6-1,190,November 22 1999,Arizona,willibr03
Buck Williams,1982,1998,F-C,6-8,215,March 8 1960,Maryland,willibu01
C.J. Williams,2018,2019,G,6-5,226,February 6 1990,NC State,willicj01
Charlie Williams,1968,1973,G,6-0,165,September 5 1943,Seattle University,willich01
Chuck Williams,1971,1978,G,6-2,175,June 6 1946,Colorado,willich02
Chuckie Williams,1977,1977,G,6-3,180,December 31 1953,Kansas State,willich03
Cliff Williams,1969,1969,G,6-3,180,April 15 1945,Bowling Green,willicl01
Cody Williams,2025,2025,G-F,6-7,190,November 20 2004,Colorado,willico04
Corey Williams,1993,1994,G,6-2,190,April 24 1970,Oklahoma State,willico01
Deron Williams,2006,2017,G,6-3,200,June 26 1984,Illinois,willide01
Derrick Williams,2012,2018,F,6-8,240,May 25 1991,Arizona,willide02
Donovan Williams,2023,2023,F,6-6,190,September 6 2001,Texas UNLV,willido02
Duck Williams,1980,1980,G,6-2,180,August 2 1956,Notre Dame,willidu01
Earl Williams,1975,1979,C-F,6-7,230,March 24 1951,Winston-Salem State,williea01
Elliot Williams,2012,2016,G,6-5,190,June 20 1989,Duke Memphis,williel01
Eric Williams,1996,2007,F,6-8,220,July 17 1972,Vincennes University Providence,willier01
Fly Williams,1975,1975,G-F,6-5,200,February 18 1953,Austin Peay State University,willifl01
Frank Williams,2003,2005,G,6-3,212,February 25 1980,Illinois,willifr02
Freeman Williams,1979,1986,G-F,6-4,190,May 15 1956,Portland State,willifr01
Gene Williams,1970,1970,F,6-7,235,April 1 1947,Kansas State,willige01
Grant Williams,2020,2025,F,6-6,236,November 30 1998,Tennessee,willigr01
Gus Williams,1976,1987,G,6-2,175,October 10 1953,USC,willigu01
Guy Williams,1985,1986,F,6-9,200,July 1 1960,San Francisco Washington State,willigu02
Hank Williams,1975,1975,F,6-5,210,April 28 1952,Jacksonville University,williha01
Herb Williams,1982,1999,C-F,6-10,242,February 16 1958,Ohio State,willihe01
Hot Rod Williams,1987,1999,F-C,6-11,215,August 9 1962,Tulane,williho01
Jalen Williams,2023,2025,G,6-6,220,April 14 2001,Santa Clara,willija06
Jason Williams,1999,2011,G,6-1,190,November 18 1975,Marshall Florida,willija02
Jawad Williams,2009,2011,F,6-9,218,February 19 1983,UNC,willija04
Jay Williams,2003,2003,G,6-2,195,September 10 1981,Duke,willija03
Jaylin Williams,2023,2025,F,6-8,250,June 29 2002,Arkansas,willija07
Jayson Williams,1991,1999,F-C,6-9,240,February 22 1968,St. John's,willija01
Jeenathan Williams,2023,2025,G,6-5,205,February 12 1999,Buffalo,willije02
Jerome Williams,1997,2005,F,6-9,206,May 10 1973,Georgetown,willije01
John Williams,1987,1995,F-C,6-8,235,October 26 1966,LSU,willijo02
Johnathan Williams,2019,2020,F,6-9,228,May 22 1995,Missouri Gonzaga,willijo04
Jordan Williams,2012,2012,F,6-10,260,October 11 1990,Maryland,willijo03
Justin Williams,2007,2008,F,6-10,225,May 12 1984,Wyoming,williju01
Kenny Williams,1991,1994,F,6-9,205,June 9 1969,Barton County Community College Elizabeth City State University,willike03
Kenrich Williams,2019,2025,G-F,6-7,210,December 2 1994,TCU,willike04
Kevin Williams,1984,1989,G,6-2,175,September 11 1961,TCU St. John's,willike01
Lorenzo Williams,1993,2000,F-C,6-9,200,July 15 1969,Stetson University,willilo01
Lou Williams,2006,2022,G,6-2,175,October 27 1986,,willilo02
Malik Williams,2024,2024,C,6-11,250,August 26 1998,,willima11
Marcus Williams,2007,2010,G,6-3,205,December 3 1985,UConn,willima03
Marcus Williams,2008,2009,F,6-7,205,November 18 1986,Arizona,willima04
Mark Williams,2023,2025,C,7-0,241,December 16 2001,Duke,willima07
Marvin Williams,2006,2020,F,6-8,237,June 19 1986,UNC,willima02
Matt Williams,2018,2018,G,6-5,210,October 14 1993,Central Florida,willima05
Micheal Williams,1989,1999,G,6-2,175,July 23 1966,Baylor,willimi02
Mike Williams,1990,1990,F,6-8,255,August 14 1963,Cincinnati Bradley,willimi03
Milt Williams,1971,1975,G,6-2,182,November 22 1945,Lincoln University of Missouri,willimi01
Mo Williams,2004,2016,G,6-1,198,December 19 1982,Alabama,willima01
Monty Williams,1995,2003,F,6-8,225,October 8 1971,Notre Dame,willimo01
Nate Williams,1972,1979,F-G,6-5,215,May 2 1950,Utah State University,willina01
Patrick Williams,2021,2025,F,6-7,215,August 26 2001,Florida State,willipa01
Pete Williams,1986,1987,F,6-7,190,March 10 1965,Arizona,willipe01
Ray Williams,1978,1987,G,6-3,188,October 14 1954,Minnesota,willira01
Reggie Williams,1988,1997,F-G,6-7,190,March 5 1964,Georgetown,willire01
Reggie Williams,2010,2017,F,6-6,205,September 14 1986,Virginia Military Institute,willire02
Rickey Williams,1983,1983,G,6-1,175,March 12 1957,New Mexico Cal State Long Beach,williri01
Rob Williams,1983,1984,G,6-2,175,May 5 1961,Houston,williro02
Robert Williams,2019,2025,C-F,6-9,237,October 17 1997,Texas A&M,williro04
Ron Williams,1969,1976,G,6-3,188,September 24 1944,West Virginia,williro01
Sam Williams,1969,1970,G,6-3,180,January 22 1945,Iowa,willisa01
Sam Williams,1982,1985,F,6-8,210,March 7 1959,Arizona State,willisa02
Scott Williams,1991,2005,F-C,6-10,230,March 21 1968,UNC,willisc01
Sean Williams,2008,2012,C-F,6-10,235,September 13 1986,Boston College,willise01
Shammond Williams,1999,2007,G,6-1,201,April 5 1975,UNC,willish01
Shawne Williams,2007,2015,F,6-9,225,February 16 1986,Memphis,willish03
Shelden Williams,2007,2012,F,6-9,250,October 21 1983,Duke,willish02
Sly Williams,1980,1986,F-G,6-7,210,January 26 1958,Rhode Island,willisl01
Terrence Williams,2010,2013,F,6-6,220,June 28 1987,Louisville,willite01
Travis Williams,1998,1999,F,6-6,215,May 27 1969,South Carolina State,willitr01
Troy Williams,2017,2019,F,6-7,218,December 30 1994,Indiana,willitr02
Vince Williams Jr.,2023,2025,F,6-4,205,August 30 2000,VCU,willivi01
Walt Williams,1993,2003,F-G,6-8,219,April 16 1970,Maryland,williwa02
Ward Williams,1949,1949,F,6-4,195,June 26 1923,Indiana,williwa01
Willie Williams,1971,1971,F,6-7,200,July 28 1946,Florida State,williwi01
Ziaire Williams,2022,2025,F,6-9,215,September 12 2001,Stanford,willizi02
Nigel Williams-Goss,2020,2020,G,6-2,190,September 16 1994,Gonzaga Washington,willini01
Corliss Williamson,1996,2007,F,6-7,245,December 4 1973,Arkansas,willico02
John Williamson,1974,1981,G,6-2,185,November 10 1951,New Mexico State,willijo01
Zion Williamson,2020,2025,F-C,6-6,284,July 6 2000,Duke,willizi01
Vann Williford,1971,1971,F,6-6,195,January 26 1948,NC State,williva01
Kevin Willis,1985,2007,F-C,7-0,220,September 6 1962,Michigan State,willike02
Bill Willoughby,1976,1984,F-C,6-8,205,May 20 1957,,willobi01
Dedric Willoughby,2000,2000,G-F,6-3,180,May 27 1974,New Orleans Iowa State,willode01
Bob Wilson,1952,1952,G,6-4,185,March 8 1926,West Virginia State University,wilsobo01
Bobby Wilson,1968,1968,F,6-8,215,,Kansas,wilsobo02
Bobby Wilson,1975,1978,G,6-3,175,January 15 1951,Wichita State,wilsobo03
Bubba Wilson,1980,1980,G,6-3,175,August 7 1955,Western Carolina University,wilsobu01
D.J. Wilson,2018,2024,F,6-10,231,February 19 1996,Michigan,wilsodj01
George Wilson,1965,1971,C,6-8,225,May 9 1942,Cincinnati,wilsoge01
Isaiah Wilson,1972,1973,G,6-2,175,May 31 1948,University of Baltimore,wilsois01
Jalen Wilson,2024,2025,F,6-8,225,November 4 2000,Kansas,wilsoja03
Jamil Wilson,2018,2018,F,6-7,230,November 21 1990,Oregon Marquette,wilsoja02
Jasper Wilson,1969,1970,F,6-6,200,July 12 1947,Southern University and A&M College,wilsoja01
Jim Wilson,1971,1971,G,5-10,175,,Cheyney (PA),wilsoji01
Michael Wilson,1984,1987,G,6-4,175,September 15 1959,Marquette,wilsomi01
Nikita Wilson,1988,1988,F,6-8,200,February 25 1964,LSU,wilsoni01
Othell Wilson,1985,1987,G,6-0,190,October 26 1961,Virginia,wilsoot01
Rick Wilson,1979,1980,G,6-5,200,February 7 1956,Louisville,wilsori01
Ricky Wilson,1988,1988,G,6-3,195,July 16 1964,George Mason,wilsori02
Steve Wilson,1971,1972,G,6-5,185,October 16 1948,Hanover College,wilsost01
Trevor Wilson,1991,1996,F,6-7,210,March 16 1968,UCLA,wilsotr01
Kyle Wiltjer,2017,2017,F,6-10,240,October 20 1992,Kentucky Gonzaga,wiltjky01
Kennard Winchester,1991,1993,G-F,6-5,210,September 3 1966,James Madison University Averett University,winchke01
Tony Windis,1960,1960,G,6-1,160,January 27 1933,Wyoming,windito01
Dylan Windler,2021,2024,G-F,6-6,196,September 22 1996,Belmont,windldy01
John Windsor,1964,1964,F,6-8,215,April 3 1940,Stanford,windsjo01
Lee Winfield,1970,1976,G,6-2,174,February 4 1947,University of North Texas,winfile01
David Wingate,1987,2001,G-F,6-5,185,December 15 1963,Georgetown,wingada01
Dontonio Wingfield,1995,1998,F,6-8,256,June 23 1974,Cincinnati,wingfdo01
Harthorne Wingo,1973,1976,F,6-6,210,September 9 1947,Friendship Junior College,wingoha01
Marv Winkler,1971,1972,G,6-1,164,February 18 1948,Louisiana,winklma01
Justise Winslow,2016,2023,F,6-6,222,March 26 1996,Duke,winslju01
Rickie Winslow,1988,1988,F,6-8,225,July 26 1964,Houston,winslri01
Cassius Winston,2021,2022,G,6-1,185,February 28 1998,Michigan State,winstca01
Trevor Winter,1999,1999,C,7-0,275,January 7 1974,Minnesota,wintetr01
Brian Winters,1975,1983,G-F,6-4,185,March 1 1952,South Carolina,wintebr01
Voise Winters,1986,1986,F,6-8,200,October 12 1962,Bradley,wintevo01
Skip Wise,1976,1976,G,6-2,170,July 25 1955,Clemson,wisesk01
Willie Wise,1970,1978,F,6-5,210,March 3 1947,City College of San Francisco Drake University,wisewi01
James Wiseman,2021,2025,C,7-0,240,March 31 2001,Memphis,wisemja01
Jeff Withey,2014,2018,C,7-0,231,March 7 1990,Kansas,witheje01
Luke Witte,1974,1976,C,7-0,235,October 19 1950,Ohio State,wittelu01
Greg Wittman,1970,1971,F,6-8,210,May 10 1947,Western Carolina University,wittmgr01
Randy Wittman,1984,1992,G-F,6-6,210,October 28 1959,Indiana,wittmra01
Garry Witts,1982,1982,G-F,6-7,190,July 3 1959,Holy Cross,wittsga01
Dave Wohl,1972,1978,G,6-2,185,November 2 1949,Penn,wohlda01
Joe Wolf,1988,1999,F-C,6-11,230,December 17 1964,UNC,wolfjo01
Rubén Wolkowyski,2001,2003,F,6-10,270,September 30 1973,,wolkoru01
Nate Wolters,2014,2018,G,6-4,190,May 15 1991,South Dakota State,woltena01
Isaiah Wong,2024,2025,G,6-4,184,January 28 2001,Miami (FL),wongis01
Al Wood,1982,1987,G-F,6-6,193,June 2 1958,UNC,woodal01
Bob Wood,1950,1950,G,5-10,,October 7 1921,Northern Illinois,woodbo01
Christian Wood,2016,2024,F,6-8,214,September 27 1995,UNLV,woodch01
David Wood,1989,1997,F,6-9,227,November 30 1964,Nevada,woodda01
Howard Wood,1982,1982,F,6-7,235,May 20 1959,Tennessee,woodho01
Leon Wood,1985,1991,G,6-3,185,March 25 1962,Arizona Cal State Fullerton,woodle01
Robert Woodard II,2021,2022,F,6-6,235,September 22 1999,Mississippi State,woodaro01
Loren Woods,2002,2008,F-C,7-1,245,June 21 1978,Wake Forest Arizona,woodslo01
Qyntel Woods,2003,2006,F,6-8,221,February 16 1981,Northeast Mississippi Community College,woodsqy01
Randy Woods,1993,1996,G,5-10,185,September 23 1970,La Salle,woodsra01
Tommy Woods,1968,1968,F,6-7,210,June 10 1943,East Tennessee State University,woodsto01
Mike Woodson,1981,1991,G-F,6-5,195,March 24 1958,Indiana,woodsmi01
Bob Woollard,1970,1970,C,6-10,225,July 27 1940,Wake Forest,woollbo01
Orlando Woolridge,1982,1994,F,6-9,215,December 16 1959,Notre Dame,woolror01
Haywoode Workman,1990,2000,G,6-2,180,January 23 1966,Winston-Salem State Oral Roberts,workmha01
Mark Workman,1953,1954,F-C,6-9,215,March 10 1930,West Virginia,workmma01
Tom Workman,1968,1971,F-C,6-7,218,November 14 1944,Seattle University,workmto01
Metta World Peace,2000,2017,F,6-7,260,November 13 1979,St. John's,artesro01
Willie Worsley,1969,1969,G,5-9,175,November 13 1945,Texas-El Paso,worslwi01
Sam Worthen,1981,1982,G,6-5,195,January 17 1958,Marquette,worthsa01
James Worthy*,1983,1994,F,6-9,225,February 27 1961,UNC,worthja01
Antoine Wright,2006,2011,G-F,6-7,210,February 6 1984,Texas A&M,wrighan01
Bracey Wright,2006,2007,G,6-3,210,July 1 1984,Indiana,wrighbr02
Brad Wright,1987,1988,F,6-11,225,March 26 1962,UCLA,wrighbr01
Brandan Wright,2008,2018,F-C,6-10,210,October 5 1987,UNC,wrighbr03
Chris Wright,2012,2014,F,6-8,226,September 30 1988,Dayton,wrighch01
Chris Wright,2013,2013,G,6-1,210,November 4 1989,Georgetown,wrighch02
Delon Wright,2016,2025,G,6-5,185,April 26 1992,Utah,wrighde01
Dorell Wright,2005,2015,F-G,6-9,205,December 2 1985,,wrighdo01
Howard Wright,1991,1993,F,6-8,220,December 20 1967,Stanford,wrighho02
Howie Wright,1971,1972,G,6-3,185,February 22 1947,Austin Peay State University,wrighho01
Joby Wright,1973,1976,F-C,6-8,220,September 5 1950,Indiana,wrighjo01
Julian Wright,2008,2011,F,6-8,225,May 20 1987,Kansas,wrighju01
Larry Wright,1977,1982,G,6-1,160,November 23 1954,Grambling State University,wrighla01
Leroy Wright,1968,1969,F,6-9,215,May 6 1938,University of the Pacific,wrighle01
Lonnie Wright,1968,1972,G,6-2,205,January 23 1945,Colorado State,wrighlo01
Lorenzen Wright,1997,2009,F-C,6-11,225,November 4 1975,Memphis,wrighlo02
Luther Wright,1994,1994,C,7-2,270,September 22 1971,Seton Hall,wrighlu01
McKinley Wright IV,2022,2023,G,6-0,196,October 25 1998,Colorado,wrighmc01
Moses Wright,2022,2022,F,6-9,233,December 23 1998,Georgia Tech,wrighmo01
Sharone Wright,1995,1998,F-C,6-11,260,January 30 1973,Clemson,wrighsh01
Justin Wright-Foreman,2020,2020,G,6-0,190,October 27 1997,Hofstra,wrighju02
Tony Wroten,2013,2016,G,6-6,205,April 13 1993,Washington,wroteto01
Dennis Wuycik,1973,1975,F,6-6,215,March 29 1950,UNC,wuycide01
A.J. Wynder,1991,1991,G,6-2,180,September 11 1964,UMass Fairfield,wyndeaj01